<?xml version='1.0' encoding='UTF-8' ?>
<!-- was: <?xml version="1.0" encoding="UTF-8"?> -->
<beans xmlns="http://www.springframework.org/schema/beans"
       xmlns:mvc="http://www.springframework.org/schema/mvc"
       xmlns:context="http://www.springframework.org/schema/context"
       xmlns:xsi="http://www.w3.org/2001/XMLSchema-instance"
       xmlns:p="http://www.springframework.org/schema/p"
       xmlns:aop="http://www.springframework.org/schema/aop"
       xmlns:tx="http://www.springframework.org/schema/tx"
       xsi:schemaLocation= "http://www.springframework.org/schema/beans
                            http://www.springframework.org/schema/beans/spring-beans.xsd
                            http://www.springframework.org/schema/context
                            http://www.springframework.org/schema/context/spring-context.xsd
                            http://www.springframework.org/schema/mvc
                            http://www.springframework.org/schema/mvc/spring-mvc.xsd">
   
   
    <mvc:annotation-driven/>
    <mvc:resources mapping="/js/*" location="/js/"/>
    <mvc:resources mapping="/css/*" location="/css/"/>
    <mvc:resources mapping="/imagenes/*" location="/imagenes/"/>
     <mvc:resources mapping="/fonts/*" location="/fonts/"/>
    <context:annotation-config/>
    
    <context:component-scan base-package="controlador"/>
    

    <bean id="viewResolver"
          class="org.springframework.web.servlet.view.InternalResourceViewResolver"
          p:viewClass="org.springframework.web.servlet.view.JstlView"
          p:prefix="/WEB-INF/jsp/"
          p:suffix=".jsp" />
    
    <bean id="mailSender" class="org.springframework.mail.javamail.JavaMailSenderImpl">
        <property name="host" value="smtp.gmail.com" />
        <property name="port" value="587"/>
        <property name="username" value="validar.correo.sistema@gmail.com" />
        <property name="password" value="+Sistema123" />
        <property name="defaultEncoding" value="UTF-8" />
        
        
         <property name="javaMailProperties">
            <props>
                <prop key="mail.smtp.auth">true</prop>
                <prop key="mail.debug">true</prop>
                <prop key="mail.smtp.starttls.enable">true</prop>
            </props>
        </property>
        </bean>

</beans>